{
  "baseline": {
    "accuracy": 0.8293581738151294,
    "precision": 0.767757382282522,
    "recall": 0.41146278870829767,
    "f1": 0.5357839042049568,
    "time": 0.046
  },
  "kanon": {
    "2": {
      "accuracy": 0.8460503157676779,
      "precision": 0.7367231638418079,
      "recall": 0.5608602150537635,
      "f1": 0.6368742368742368,
      "time": 0.036,
      "pct_lost": 1.1240325948978391,
      "n": 48293,
      "classes": 1277
    },
    "5": {
      "accuracy": 0.8453256582453896,
      "precision": 0.7354437535330696,
      "recall": 0.569614711033275,
      "f1": 0.6419935849987664,
      "time": 0.034,
      "pct_lost": 3.9678964825355267,
      "n": 46904,
      "classes": 765
    },
    "10": {
      "accuracy": 0.8370107550726245,
      "precision": 0.7243401759530792,
      "recall": 0.5525727069351231,
      "f1": 0.6269035532994924,
      "time": 0.033,
      "pct_lost": 7.67372343474878,
      "n": 45094,
      "classes": 493
    },
    "20": {
      "accuracy": 0.8499471644945403,
      "precision": 0.7538994800693241,
      "recall": 0.6050069541029207,
      "f1": 0.6712962962962963,
      "time": 0.031,
      "pct_lost": 12.812743130911919,
      "n": 42584,
      "classes": 314
    }
  },
  "dp": {
    "0.1": {
      "accuracy": 0.7605691473026922,
      "precision": 0.0,
      "recall": 0.0,
      "f1": 0.0,
      "time": 0.022,
      "p_keep": 0.52497918747894,
      "lam": 50000.0
    },
    "0.5": {
      "accuracy": 0.7683488586344559,
      "precision": 0.5984251968503937,
      "recall": 0.09751924721984602,
      "f1": 0.1677087164398676,
      "time": 0.021,
      "p_keep": 0.6224593312018546,
      "lam": 10000.0
    },
    "1.0": {
      "accuracy": 0.7850342921486334,
      "precision": 0.6545454545454545,
      "recall": 0.2155688622754491,
      "f1": 0.32432432432432434,
      "time": 0.024,
      "p_keep": 0.7310585786300049,
      "lam": 5000.0
    },
    "2.0": {
      "accuracy": 0.807349779916061,
      "precision": 0.7122905027932961,
      "recall": 0.3272027373823781,
      "f1": 0.44841735052754983,
      "time": 0.032,
      "p_keep": 0.8807970779778824,
      "lam": 2500.0
    },
    "5.0": {
      "accuracy": 0.8253659535264612,
      "precision": 0.7615894039735099,
      "recall": 0.39349871685201027,
      "f1": 0.5188945290468133,
      "time": 0.037,
      "p_keep": 0.9933071490757152,
      "lam": 1000.0
    }
  },
  "hybrid": {
    "0.1": {
      "accuracy": 0.8062040294211704,
      "precision": 0.6412121212121212,
      "recall": 0.46322241681260945,
      "f1": 0.5378749364514489,
      "time": 0.022,
      "p_keep": 0.52497918747894
    },
    "0.5": {
      "accuracy": 0.814092314252212,
      "precision": 0.6601423487544484,
      "recall": 0.4873029772329247,
      "f1": 0.5607052896725441,
      "time": 0.022,
      "p_keep": 0.6224593312018546
    },
    "1.0": {
      "accuracy": 0.8217674021959279,
      "precision": 0.6770833333333334,
      "recall": 0.5122591943957968,
      "f1": 0.5832502492522432,
      "time": 0.023,
      "p_keep": 0.7310585786300049
    },
    "2.0": {
      "accuracy": 0.8289094979213304,
      "precision": 0.6952271420356527,
      "recall": 0.5293345008756567,
      "f1": 0.6010439970171514,
      "time": 0.027,
      "p_keep": 0.8807970779778824
    },
    "5.0": {
      "accuracy": 0.8409551220552179,
      "precision": 0.7239819004524887,
      "recall": 0.5604203152364273,
      "f1": 0.631786771964462,
      "time": 0.038,
      "p_keep": 0.9933071490757152
    }
  },
  "cv": {
    "baseline": [
      52.67368862090868,
      1.0811889800020298
    ],
    "kanon5": [
      64.04232962267713,
      0.9269155120295971
    ],
    "hybrid51": [
      58.60875690725729,
      0.6468656741283428
    ]
  }
}